﻿{
  "gxName": "walmartDemo",
  "title": "walmartDemo",
  "startVideoName": "intro",
  "startVideoWaitSequenceName": "intro_wait",
  "currentVideoIndex": -1,
  "homeVideoId": "intro",
  "homeVideoIcon": "fa-home",
  "homeVideoEvent": "home",
  "skipVideoIcon": "fa-step-forward",
  "skipVideoEvent": "skip",
  "backVideoIcon": "fa-step-backward",
  "backVideoEvent": "back",
  "infoVideoIcon": "fa-question",
  "infoVideoEvent": "showSlideInfo",
  "videos": [
    {
      "name": "intro",
      "waitSequence": false,
      "brightcoveId": "5396106284001",
      "tracks": "intro",
      "duration": 111,
      "endBehavior": "intro_wait",
      "skipIntro": 40.5,
      "onscreenElements": [
        {
          "class": "question clickable",
          "content": "Health Benefits",
          "lastQuestion": false,
          "start": 41,
          "end": 113,
          "align": "top-left",
          "defaultAction": {
            "jumpToName": "medical",
            "weightings": [ ]
          }
        },
        {
          "class": "answer bulleted",
          "content": "Medical",
          "lastQuestion": false,
          "start": 41,
          "end": 58,
          "align": "top-left",
          "defaultAction": {
            "weightings": [ ]
          }
        },
        {
          "class": "answer subanswer",
          "content": "HSA",
          "lastQuestion": false,
          "start": 41,
          "end": 52,
          "align": "top-left",
          "defaultAction": {
            "weightings": [ ]
          }
        },
        {
          "class": "answer subanswer",
          "content": "HRA Plan",
          "lastQuestion": false,
          "start": 41,
          "end": 52,
          "align": "top-left",
          "defaultAction": {
            "weightings": [ ]
          }
        },
        {
          "class": "answer subanswer",
          "content": "HRA High Plan",
          "lastQuestion": false,
          "start": 41,
          "end": 52,
          "align": "top-left",
          "defaultAction": {
            "weightings": [ ]
          }
        },
        {
          "class": "answer bulleted",
          "content": "Dental",
          "lastQuestion": false,
          "start": 52,
          "end": 58,
          "align": "top-left",
          "defaultAction": {
            "weightings": [ ]
          }
        },
        {
          "class": "answer bulleted",
          "content": "Vision",
          "lastQuestion": false,
          "start": 52,
          "end": 58,
          "align": "top-left",
          "defaultAction": {
            "weightings": [ ]
          }
        },
        {
          "class": "answer bulleted",
          "content": "Other",
          "lastQuestion": false,
          "start": 52,
          "end": 58,
          "align": "top-left",
          "defaultAction": {
            "weightings": [ ]
          }
        },
        {
          "class": "question clickable",
          "content": "Insurance",
          "lastQuestion": false,
          "start": 58,
          "end": 113,
          "align": "top-left",
          "defaultAction": {
            "weightings": [ ]
          }
        },
        {
          "class": "answer bulleted",
          "content": "AD&D",
          "lastQuestion": false,
          "start": 58,
          "end": 67,
          "align": "top-left",
          "defaultAction": {
            "weightings": [ ]
          }
        },
        {
          "class": "answer bulleted",
          "content": "Life Insurance",
          "lastQuestion": false,
          "start": 58,
          "end": 67,
          "align": "top-left",
          "defaultAction": {
            "weightings": [ ]
          }
        },
        {
          "class": "answer bulleted",
          "content": "Spouse Life Insurance",
          "lastQuestion": false,
          "start": 58,
          "end": 67,
          "align": "top-left",
          "defaultAction": {
            "weightings": [ ]
          }
        },
        {
          "class": "answer bulleted",
          "content": "Life Insurance Child",
          "lastQuestion": false,
          "start": 58,
          "end": 67,
          "align": "top-left",
          "defaultAction": {
            "weightings": [ ]
          }
        },
        {
          "class": "answer bulleted",
          "content": "Short Term Disability",
          "lastQuestion": false,
          "start": 58,
          "end": 67,
          "align": "top-left",
          "defaultAction": {
            "weightings": [ ]
          }
        },
        {
          "class": "answer bulleted",
          "content": "Long Term Disability",
          "lastQuestion": false,
          "start": 58,
          "end": 67,
          "align": "top-left",
          "defaultAction": {
            "weightings": [ ]
          }
        },
        {
          "class": "answer bulleted",
          "content": "Critical Illness",
          "lastQuestion": false,
          "start": 58,
          "end": 67,
          "align": "top-left",
          "defaultAction": {
            "weightings": [ ]
          }
        },
        {
          "class": "question clickable",
          "content": "Education & Career",
          "lastQuestion": false,
          "start": 67,
          "end": 113,
          "align": "top-left",
          "defaultAction": {
            "weightings": [ ]
          }
        },
        {
          "class": "question clickable",
          "content": "Money",
          "lastQuestion": false,
          "start": 71,
          "end": 113,
          "align": "top-left",
          "defaultAction": {
            "weightings": [ ]
          }
        },
        {
          "class": "question clickable",
          "content": "Paid Time Off",
          "lastQuestion": false,
          "start": 74,
          "end": 113,
          "align": "top-left",
          "defaultAction": {
            "weightings": [ ]
          }
        },
        {
          "class": "question clickable",
          "content": "Well-being",
          "lastQuestion": false,
          "start": 77,
          "end": 113,
          "align": "top-left",
          "defaultAction": {
            "weightings": [ ]
          }
        },
        {
          "class": "question clickable",
          "content": "To-do List",
          "lastQuestion": false,
          "start": 86,
          "end": 113,
          "align": "top-left",
          "defaultAction": {
            "jumpToName": "toDoList",
            "weightings": [ ]
          }
        },
        {
          "class": "question clickable",
          "content": "Top Questions & Answers",
          "lastQuestion": false,
          "start": 91,
          "end": 113,
          "align": "top-left",
          "defaultAction": {
            "jumpToName": "topQuestions",
            "weightings": [ ]
          }
        },
        {
          "class": "question clickable",
          "content": "Take Action",
          "lastQuestion": false,
          "start": 97,
          "end": 113,
          "align": "top-left",
          "defaultAction": {
            "weightings": [ ]
          }
        }
      ]
    },
    {
      "name": "intro_wait",
      "waitSequence": true,
      "brightcoveId": "5397231147001",
      "duration": 38,
      "endBehavior": "intro_wait",
      "onscreenElements": [
        {
          "class": "question clickable",
          "content": "Health Benefits",
          "lastQuestion": false,
          "start": 0,
          "end": 39,
          "align": "top-left",
          "defaultAction": {
            "jumpToName": "medical",
            "weightings": [ ]
          }
        },
        {
          "class": "question clickable",
          "content": "Insurance",
          "lastQuestion": false,
          "start": 0,
          "end": 39,
          "align": "top-left",
          "defaultAction": {
            "weightings": [ ]
          }
        },
        {
          "class": "question clickable",
          "content": "Education & Career",
          "lastQuestion": false,
          "start": 0,
          "end": 39,
          "align": "top-left",
          "defaultAction": {
            "weightings": [ ]
          }
        },
        {
          "class": "question clickable",
          "content": "Money",
          "lastQuestion": false,
          "start": 0,
          "end": 39,
          "align": "top-left",
          "defaultAction": {
            "weightings": [ ]
          }
        },
        {
          "class": "question clickable",
          "content": "Paid Time Off",
          "lastQuestion": false,
          "start": 0,
          "end": 39,
          "align": "top-left",
          "defaultAction": {
            "weightings": [ ]
          }
        },
        {
          "class": "question clickable",
          "content": "Well-being",
          "lastQuestion": false,
          "start": 0,
          "end": 39,
          "align": "top-left",
          "defaultAction": {
            "weightings": [ ]
          }
        },
        {
          "class": "question clickable",
          "content": "To-do List",
          "lastQuestion": false,
          "start": 0,
          "end": 39,
          "align": "top-left",
          "defaultAction": {
            "jumpToName": "toDoList",
            "weightings": [ ]
          }
        },
        {
          "class": "question clickable",
          "content": "Top Questions & Answers",
          "lastQuestion": false,
          "start": 0,
          "end": 39,
          "align": "top-left",
          "defaultAction": {
            "jumpToName": "topQuestions",
            "weightings": [ ]
          }
        },
        {
          "class": "question clickable",
          "content": "Take Action",
          "lastQuestion": false,
          "start": 0,
          "end": 39,
          "align": "top-left",
          "defaultAction": {
            "weightings": [ ]
          }
        }
      ]
    },
    {
      "name": "returnIntro",
      "waitSequence": false,
      "brightcoveId": "5397231147001",
      "duration": 38,
      "endBehavior": "returnIntro_wait",
      "onscreenElements": [
        {
          "class": "question clickable",
          "content": "Health Benefits",
          "lastQuestion": false,
          "start": 0.1,
          "end": 39,
          "align": "top-left",
          "defaultAction": {
            "jumpToName": "medical",
            "weightings": [ ]
          }
        },
        {
          "class": "question clickable",
          "content": "Insurance",
          "lastQuestion": false,
          "start": 0.1,
          "end": 39,
          "align": "top-left",
          "defaultAction": {
            "weightings": [ ]
          }
        },
        {
          "class": "question clickable",
          "content": "Education & Career",
          "lastQuestion": false,
          "start": 0.1,
          "end": 39,
          "align": "top-left",
          "defaultAction": {
            "weightings": [ ]
          }
        },
        {
          "class": "question clickable",
          "content": "Money",
          "lastQuestion": false,
          "start": 0.1,
          "end": 39,
          "align": "top-left",
          "defaultAction": {
            "weightings": [ ]
          }
        },
        {
          "class": "question clickable",
          "content": "Paid Time Off",
          "lastQuestion": false,
          "start": 0.1,
          "end": 39,
          "align": "top-left",
          "defaultAction": {
            "weightings": [ ]
          }
        },
        {
          "class": "question clickable",
          "content": "Well-being",
          "lastQuestion": false,
          "start": 0.1,
          "end": 39,
          "align": "top-left",
          "defaultAction": {
            "weightings": [ ]
          }
        },
        {
          "class": "question clickable",
          "content": "To-do List",
          "lastQuestion": false,
          "start": 0.1,
          "end": 39,
          "align": "top-left",
          "defaultAction": {
            "jumpToName": "toDoList",
            "weightings": [ ]
          }
        },
        {
          "class": "question clickable",
          "content": "Top Questions & Answers",
          "lastQuestion": false,
          "start": 0.1,
          "end": 39,
          "align": "top-left",
          "defaultAction": {
            "jumpToName": "topQuestions",
            "weightings": [ ]
          }
        },
        {
          "class": "question clickable",
          "content": "Take Action",
          "lastQuestion": false,
          "start": 0.1,
          "end": 39,
          "align": "top-left",
          "defaultAction": {
            "weightings": [ ]
          }
        }
      ]
    },
    {
      "name": "returnIntro_wait",
      "waitSequence": true,
      "brightcoveId": "5397231147001",
      "duration": 38,
      "endBehavior": "returnIntro_wait",
      "onscreenElements": [
        {
          "class": "question clickable",
          "content": "Health Benefits",
          "lastQuestion": false,
          "start": 0,
          "end": 39,
          "align": "top-left",
          "defaultAction": {
            "jumpToName": "medical",
            "weightings": [ ]
          }
        },
        {
          "class": "question clickable",
          "content": "Insurance",
          "lastQuestion": false,
          "start": 0,
          "end": 39,
          "align": "top-left",
          "defaultAction": {
            "weightings": [ ]
          }
        },
        {
          "class": "question clickable",
          "content": "Education & Career",
          "lastQuestion": false,
          "start": 0,
          "end": 39,
          "align": "top-left",
          "defaultAction": {
            "weightings": [ ]
          }
        },
        {
          "class": "question clickable",
          "content": "Money",
          "lastQuestion": false,
          "start": 0,
          "end": 39,
          "align": "top-left",
          "defaultAction": {
            "weightings": [ ]
          }
        },
        {
          "class": "question clickable",
          "content": "Paid Time Off",
          "lastQuestion": false,
          "start": 0,
          "end": 39,
          "align": "top-left",
          "defaultAction": {
            "weightings": [ ]
          }
        },
        {
          "class": "question clickable",
          "content": "Well-being",
          "lastQuestion": false,
          "start": 0,
          "end": 39,
          "align": "top-left",
          "defaultAction": {
            "weightings": [ ]
          }
        },
        {
          "class": "question clickable",
          "content": "To-do List",
          "lastQuestion": false,
          "start": 0,
          "end": 39,
          "align": "top-left",
          "defaultAction": {
            "jumpToName": "toDoList",
            "weightings": [ ]
          }
        },
        {
          "class": "question clickable",
          "content": "Top Questions & Answers",
          "lastQuestion": false,
          "start": 0,
          "end": 39,
          "align": "top-left",
          "defaultAction": {
            "jumpToName": "topQuestions",
            "weightings": [ ]
          }
        },
        {
          "class": "question clickable",
          "content": "Take Action",
          "lastQuestion": false,
          "start": 0,
          "end": 39,
          "align": "top-left",
          "defaultAction": {
            "weightings": [ ]
          }
        }
      ]
    },
    {
      "name": "toDoList",
      "waitSequence": false,
      "brightcoveId": "5412016439001 ",
      "duration": 109,
      "endBehavior": "toDoList_wait",
      "skipIntro": 50,
      "onscreenElements": [
        {
          "class": "question deadline",
          "content": "July 30, 2017",
          "lastQuestion": false,
          "start": 20,
          "end": 41,
          "align": "top-left",
          "defaultAction": {
            "weightings": [ ]
          }
        },
        {
          "class": "question clickable",
          "content": "Health Benefits",
          "lastQuestion": false,
          "start": 98,
          "end": 110,
          "align": "top-left",
          "defaultAction": {
            "jumpToName": "medical",
            "weightings": [ ]
          }
        },
        {
          "class": "question clickable",
          "content": "Insurance",
          "lastQuestion": false,
          "start": 98,
          "end": 110,
          "align": "top-left",
          "defaultAction": {
            "weightings": [ ]
          }
        },
        {
          "class": "question clickable",
          "content": "Education & Career",
          "lastQuestion": false,
          "start": 98,
          "end": 110,
          "align": "top-left",
          "defaultAction": {
            "weightings": [ ]
          }
        },
        {
          "class": "question clickable",
          "content": "Money",
          "lastQuestion": false,
          "start": 98,
          "end": 110,
          "align": "top-left",
          "defaultAction": {
            "weightings": [ ]
          }
        },
        {
          "class": "question clickable",
          "content": "Paid Time Off",
          "lastQuestion": false,
          "start": 98,
          "end": 110,
          "align": "top-left",
          "defaultAction": {
            "weightings": [ ]
          }
        },
        {
          "class": "question clickable",
          "content": "To-Do List",
          "lastQuestion": false,
          "start": 98,
          "end": 110,
          "align": "top-left",
          "defaultAction": {
            "jumpToName": "toDoList",
            "weightings": [ ]
          }
        },
        {
          "class": "question clickable",
          "content": "Top Questions & Answers",
          "lastQuestion": false,
          "start": 98,
          "end": 110,
          "align": "top-left",
          "defaultAction": {
            "jumpToName": "topQuestions",
            "weightings": [ ]
          }
        },
        {
          "class": "question clickable",
          "content": "Take Action",
          "lastQuestion": false,
          "start": 98,
          "end": 110,
          "align": "top-left",
          "defaultAction": {
            "weightings": [ ]
          }
        }
      ]
    },
    {
      "name": "toDoList_wait",
      "waitSequence": true,
      "brightcoveId": "5399009044001",
      "duration": 32,
      "endBehavior": "toDoList_wait",
      "onscreenElements": [
        {
          "class": "question clickable",
          "content": "Health Benefits",
          "lastQuestion": false,
          "start": 0,
          "end": 33,
          "align": "top-left",
          "defaultAction": {
            "jumpToName": "medical",
            "weightings": [ ]
          }
        },
        {
          "class": "question clickable",
          "content": "Insurance",
          "lastQuestion": false,
          "start": 0,
          "end": 33,
          "align": "top-left",
          "defaultAction": {
            "weightings": [ ]
          }
        },
        {
          "class": "question clickable",
          "content": "Education & Career",
          "lastQuestion": false,
          "start": 0,
          "end": 33,
          "align": "top-left",
          "defaultAction": {
            "weightings": [ ]
          }
        },
        {
          "class": "question clickable",
          "content": "Money",
          "lastQuestion": false,
          "start": 0,
          "end": 33,
          "align": "top-left",
          "defaultAction": {
            "weightings": [ ]
          }
        },
        {
          "class": "question clickable",
          "content": "Paid Time Off",
          "lastQuestion": false,
          "start": 0,
          "end": 33,
          "align": "top-left",
          "defaultAction": {
            "weightings": [ ]
          }
        },
        {
          "class": "question clickable",
          "content": "To-Do List",
          "lastQuestion": false,
          "start": 0,
          "end": 33,
          "align": "top-left",
          "defaultAction": {
            "jumpToName": "toDoList",
            "weightings": [ ]
          }
        },
        {
          "class": "question clickable",
          "content": "Top Questions & Answers",
          "lastQuestion": false,
          "start": 0,
          "end": 33,
          "align": "top-left",
          "defaultAction": {
            "jumpToName": "topQuestions",
            "weightings": [ ]
          }
        },
        {
          "class": "question clickable",
          "content": "Take Action",
          "lastQuestion": false,
          "start": 0,
          "end": 33,
          "align": "top-left",
          "defaultAction": {
            "weightings": [ ]
          }
        }
      ]
    },
    {
      "name": "medical",
      "waitSequence": false,
      "brightcoveId": "5399011481001",
      "duration": 15,
      "endBehavior": "medical_wait",
      "onscreenElements": [
        {
          "class": "question",
          "content": "Medical",
          "lastQuestion": false,
          "start": 10,
          "end": 16,
          "align": "top-left",
          "defaultAction": {
            "weightings": [ ]
          }
        },
        {
          "class": "answer bulleted",
          "content": "HSA Plan",
          "lastQuestion": false,
          "start": 10,
          "end": 16,
          "align": "top-left",
          "defaultAction": {
            "weightings": [ ]
          }
        },
        {
          "class": "answer bulleted",
          "content": "HRA Plan",
          "lastQuestion": false,
          "start": 10,
          "end": 16,
          "align": "top-left",
          "defaultAction": {
            "weightings": [ ]
          }
        },
        {
          "class": "answer bulleted",
          "content": "HRA High Plan",
          "lastQuestion": false,
          "start": 10,
          "end": 16,
          "align": "top-left",
          "defaultAction": {
            "weightings": [ ]
          }
        },
        {
          "class": "answer backToMainMenu",
          "content": "Back to Main Menu",
          "event": "backToMainMenuEvent",
          "lastQuestion": false,
          "start": 10,
          "end": 16,
          "align": "top-left",
          "defaultAction": {
            "weightings": [ ]
          }
        }
      ]
    },
    {
      "name": "medical_wait",
      "waitSequence": true,
      "brightcoveId": "5398968015001",
      "duration": 40,
      "endBehavior": "medical_wait",
      "onscreenElements": [
        {
          "class": "question",
          "content": "Medical",
          "lastQuestion": false,
          "start": 0,
          "end": 41,
          "align": "top-left",
          "defaultAction": {
            "weightings": [ ]
          }
        },
        {
          "class": "answer bulleted",
          "content": "HSA Plan",
          "lastQuestion": false,
          "start": 0,
          "end": 41,
          "align": "top-left",
          "defaultAction": {
            "weightings": [ ]
          }
        },
        {
          "class": "answer bulleted",
          "content": "HRA Plan",
          "lastQuestion": false,
          "start": 0,
          "end": 41,
          "align": "top-left",
          "defaultAction": {
            "weightings": [ ]
          }
        },
        {
          "class": "answer bulleted",
          "content": "HRA High Plan",
          "lastQuestion": false,
          "start": 0,
          "end": 41,
          "align": "top-left",
          "defaultAction": {
            "weightings": [ ]
          }
        },
        {
          "class": "answer backToMainMenu",
          "event": "backToMainMenuEvent",
          "content": "Back to Main Menu",
          "lastQuestion": false,
          "start": 0,
          "end": 41,
          "align": "top-left",
          "defaultAction": {
            "weightings": [ ]
          }
        }
      ]
    },
    {
      "name": "topQuestions",
      "waitSequence": false,
      "brightcoveId": "5399011084001",
      "duration": 23,
      "endBehavior": "topQuestions_wait",
      "onscreenElements": [
        {
          "class": "question",
          "content": "Top Questions and Answers",
          "lastQuestion": false,
          "start": 9,
          "end": 24,
          "align": "top-left",
          "defaultAction": {
            "weightings": [ ]
          }
        },
        {
          "class": "answer bulleted clickable",
          "content": "When am I eligible?",
          "lastQuestion": false,
          "start": 9,
          "end": 24,
          "align": "top-left",
          "defaultAction": {
            "weightings": [ ]
          }
        },
        {
          "class": "answer bulleted clickable",
          "content": "HRA vs. HSA?",
          "lastQuestion": false,
          "start": 9,
          "end": 24,
          "align": "top-left",
          "defaultAction": {
            "jumpToName": "hraVsHsa",
            "weightings": [ ]
          }
        },
        {
          "class": "answer bulleted clickable",
          "content": "Which doctors are in my plan?",
          "lastQuestion": false,
          "start": 9,
          "end": 24,
          "align": "top-left",
          "defaultAction": {
            "weightings": [ ]
          }
        },
        {
          "class": "answer bulleted clickable",
          "content": "How do I add dependents?",
          "lastQuestion": false,
          "start": 9,
          "end": 24,
          "align": "top-left",
          "defaultAction": {
            "weightings": [ ]
          }
        },
        {
          "class": "answer bulleted clickable",
          "content": "What is the meaning of life?",
          "lastQuestion": false,
          "start": 9,
          "end": 16,
          "align": "top-left",
          "defaultAction": {
            "weightings": [ ]
          }
        },
        {
          "class": "answer backToMainMenu",
          "content": "Back to Main Menu",
          "event": "backToMainMenuEvent",
          "lastQuestion": false,
          "start": 16,
          "end": 25,
          "align": "top-left",
          "defaultAction": {
            "weightings": [ ]
          }
        }
      ]
    },
    {
      "name": "topQuestions_wait",
      "waitSequence": true,
      "brightcoveId": "5398968014001",
      "duration": 34,
      "endBehavior": "topQuestions_wait",
      "onscreenElements": [
        {
          "class": "question",
          "content": "Top Questions and Answers",
          "lastQuestion": false,
          "start": 0,
          "end": 35,
          "align": "top-left",
          "defaultAction": {
            "weightings": [ ]
          }
        },
        {
          "class": "answer bulleted clickable",
          "content": "When am I eligible?",
          "lastQuestion": false,
          "start": 0,
          "end": 35,
          "align": "top-left",
          "defaultAction": {
            "weightings": [ ]
          }
        },
        {
          "class": "answer bulleted clickable",
          "content": "HRA vs. HSA?",
          "lastQuestion": false,
          "start": 0,
          "end": 35,
          "align": "top-left",
          "defaultAction": {
            "jumpToName": "hraVsHsa",
            "weightings": [ ]
          }
        },
        {
          "class": "answer bulleted clickable",
          "content": "Which doctors are in my plan?",
          "lastQuestion": false,
          "start": 0,
          "end": 35,
          "align": "top-left",
          "defaultAction": {
            "weightings": [ ]
          }
        },
        {
          "class": "answer bulleted clickable",
          "content": "How do I add dependents?",
          "lastQuestion": false,
          "start": 0,
          "end": 35,
          "align": "top-left",
          "defaultAction": {
            "weightings": [ ]
          }
        },
        {
          "class": "answer backToMainMenu",
          "content": "Back to Main Menu",
          "event": "backToMainMenuEvent",
          "lastQuestion": false,
          "start": 0,
          "end": 35,
          "align": "top-left",
          "defaultAction": {
            "weightings": [ ]
          }
        }
      ]
    },
    {
      "name": "hraVsHsa",
      "waitSequence": false,
      "brightcoveId": "5399009043001",
      "duration": 96,
      "endBehavior": "hraVsHsa_wait",
      "onscreenElements": [
        {
          "class": "question",
          "content": "Top Questions and Answers",
          "lastQuestion": false,
          "start": 83,
          "end": 97,
          "align": "top-left",
          "defaultAction": {
            "weightings": [ ]
          }
        },
        {
          "class": "answer bulleted clickable",
          "content": "When am I eligible?",
          "lastQuestion": false,
          "start": 83,
          "end": 97,
          "align": "top-left",
          "defaultAction": {
            "weightings": [ ]
          }
        },
        {
          "class": "answer bulleted clickable",
          "content": "HRA vs. HSA?",
          "lastQuestion": false,
          "start": 83,
          "end": 97,
          "align": "top-left",
          "defaultAction": {
            "jumpToName": "hraVsHsa",
            "weightings": [ ]
          }
        },
        {
          "class": "answer bulleted clickable",
          "content": "Which doctors are in my plan?",
          "lastQuestion": false,
          "start": 83,
          "end": 97,
          "align": "top-left",
          "defaultAction": {
            "weightings": [ ]
          }
        },
        {
          "class": "answer bulleted clickable",
          "content": "How do I add dependents?",
          "lastQuestion": false,
          "start": 83,
          "end": 97,
          "align": "top-left",
          "defaultAction": {
            "weightings": [ ]
          }
        },
        {
          "class": "answer backToMainMenu",
          "content": "Back to Main Menu",
          "event": "backToMainMenuEvent",
          "lastQuestion": false,
          "start": 83,
          "end": 97,
          "align": "top-left",
          "defaultAction": {
            "weightings": [ ]
          }
        }
      ]
    },
    {
      "name": "hraVsHsa_wait",
      "waitSequence": true,
      "brightcoveId": "5399011083001",
      "duration": 30,
      "endBehavior": "hraVsHsa_wait",
      "onscreenElements": [
        {
          "class": "question",
          "content": "Top Questions and Answers",
          "lastQuestion": false,
          "start": 0,
          "end": 31,
          "align": "top-left",
          "defaultAction": {
            "weightings": [ ]
          }
        },
        {
          "class": "answer bulleted clickable",
          "content": "When am I eligible?",
          "lastQuestion": false,
          "start": 0,
          "end": 31,
          "align": "top-left",
          "defaultAction": {
            "weightings": [ ]
          }
        },
        {
          "class": "answer bulleted clickable",
          "content": "HRA vs. HSA?",
          "lastQuestion": false,
          "start": 0,
          "end": 31,
          "align": "top-left",
          "defaultAction": {
            "jumpToName": "hraVsHsa",
            "weightings": [ ]
          }
        },
        {
          "class": "answer bulleted clickable",
          "content": "Which doctors are in my plan?",
          "lastQuestion": false,
          "start": 0,
          "end": 31,
          "align": "top-left",
          "defaultAction": {
            "weightings": [ ]
          }
        },
        {
          "class": "answer bulleted clickable",
          "content": "How do I add dependents?",
          "lastQuestion": false,
          "start": 0,
          "end": 31,
          "align": "top-left",
          "defaultAction": {
            "weightings": [ ]
          }
        },
        {
          "class": "answer backToMainMenu",
          "content": "Back to Main Menu",
          "event": "backToMainMenuEvent",
          "lastQuestion": false,
          "start": 0,
          "end": 31,
          "align": "top-left",
          "defaultAction": {
            "weightings": [ ]
          }
        }
      ]
    }
  ],
  "recommendations": [
    {
      "name": "plan1",
      "voteBucket": 0
    }
  ]
}